rollNumber,name,email,branch,cgpa,activeBacklogs,skills,tenthPercent,twelfthPercent
EE0001,Diya Banerjee,diya.banerjee.1@campus.edu,EE,8.16,0,TypeScript|MongoDB|React|Go|Node.js,86.6,72.8
IT0002,Kabir Das,kabir.das.2@campus.edu,IT,7.75,0,TensorFlow|C++|Java|Kubernetes|Node.js,78.3,95.6
CSE0003,Ishaan Reddy,ishaan.reddy.3@campus.edu,CSE,7.09,1,C++|Next.js|TypeScript|Node.js,96.7,85.2
ECE0004,Advait Nair,advait.nair.4@campus.edu,ECE,6.61,0,MongoDB|TypeScript|Docker,73.5,86.6
CSE0005,Kavya Nair,kavya.nair.5@campus.edu,CSE,6.76,0,Express|MongoDB|C++|Java|React|TypeScript,84.7,84.2
Civil0006,Aditi Kulkarni,aditi.kulkarni.6@campus.edu,Civil,6.26,0,TypeScript|AWS|TensorFlow|MongoDB|Node.js,91.1,70.1
ME0007,Reyansh Chopra,reyansh.chopra.7@campus.edu,ME,6.24,0,MongoDB|TypeScript|Go|AWS|C++|Python,78.9,84.5
ECE0008,Reyansh Reddy,reyansh.reddy.8@campus.edu,ECE,7.67,0,MongoDB|AWS|SQL|Node.js,91.9,74.9
CSE0009,Neel Sharma,neel.sharma.9@campus.edu,CSE,6.98,2,Express|AWS|TypeScript|TensorFlow|Node.js,72.0,94.3
CSE0010,Advait Reddy,advait.reddy.10@campus.edu,CSE,9.73,0,Node.js|TypeScript|MongoDB,92.6,88.7
IT0011,Reyansh Gupta,reyansh.gupta.11@campus.edu,IT,9.57,0,Next.js|TypeScript|Kubernetes,73.9,78.3
ME0012,Neel Iyer,neel.iyer.12@campus.edu,ME,7.36,0,SQL|React|Kubernetes|TensorFlow|Express|Node.js,86.1,97.2
CSE0013,Priya Sharma,priya.sharma.13@campus.edu,CSE,6.95,0,Kubernetes|Python|React|Java|Node.js,81.0,76.4
Civil0014,Rohan Khan,rohan.khan.14@campus.edu,Civil,6.22,0,Express|MongoDB|Java|Docker|TypeScript|AWS,87.2,83.0
Civil0015,Kavya Reddy,kavya.reddy.15@campus.edu,Civil,8.27,0,SQL|Next.js|Python|React|C++|Node.js,87.1,94.4
Civil0016,Kabir Iyer,kabir.iyer.16@campus.edu,Civil,7.10,0,AWS|Python|React|Go|MongoDB|Node.js,93.7,87.6
IT0017,Diya Iyer,diya.iyer.17@campus.edu,IT,9.11,0,Python|Express|SQL|Next.js|Docker,85.2,81.5
EE0018,Aditi Sharma,aditi.sharma.18@campus.edu,EE,7.40,0,C++|Go|Next.js|React|Express|Node.js,73.3,90.6
ECE0019,Advait Nair,advait.nair.19@campus.edu,ECE,7.46,0,Docker|Kubernetes|Next.js|TensorFlow|Go,73.3,84.0
IT0020,Isha Das,isha.das.20@campus.edu,IT,7.74,0,Python|Express|Node.js|AWS|React|Go,72.8,82.7
ECE0021,Vihaan Joshi,vihaan.joshi.21@campus.edu,ECE,7.99,0,C++|Node.js|Go|Java|Kubernetes|SQL,97.4,85.4
EE0022,Zara Das,zara.das.22@campus.edu,EE,9.52,0,Next.js|C++|Go|Node.js,96.6,77.0
CSE0023,Vihaan Singh,vihaan.singh.23@campus.edu,CSE,8.79,0,Python|React|C++,89.9,94.0
ME0024,Ishaan Banerjee,ishaan.banerjee.24@campus.edu,ME,6.76,0,C++|Node.js|Kubernetes|Next.js|AWS|MongoDB,81.1,74.0
ME0025,Kabir Gupta,kabir.gupta.25@campus.edu,ME,6.24,0,AWS|MongoDB|Docker|Kubernetes|Node.js|TensorFlow,86.0,90.2
EE0026,Priya Mehta,priya.mehta.26@campus.edu,EE,6.87,0,AWS|SQL|MongoDB|TypeScript|C++|TensorFlow|Node.js,95.4,94.4
IT0027,Priya Iyer,priya.iyer.27@campus.edu,IT,8.00,0,SQL|MongoDB|React|Node.js,86.9,89.0
ECE0028,Meera Malhotra,meera.malhotra.28@campus.edu,ECE,8.98,0,Express|MongoDB|Node.js|Kubernetes,74.4,97.3
IT0029,Kavya Nair,kavya.nair.29@campus.edu,IT,9.77,0,Go|C++|React|SQL|Node.js,71.6,86.3
CSE0030,Rohan Joshi,rohan.joshi.30@campus.edu,CSE,7.05,0,Python|Docker|SQL|C++|Node.js,77.5,77.8
ECE0031,Meera Gupta,meera.gupta.31@campus.edu,ECE,8.84,0,Java|Python|Node.js|C++|Go|Kubernetes,71.3,71.4
ME0032,Aarav Mehta,aarav.mehta.32@campus.edu,ME,8.38,0,AWS|MongoDB|Express|Python|Kubernetes|Next.js|Node.js,91.9,69.1
Civil0033,Isha Singh,isha.singh.33@campus.edu,Civil,8.15,0,Express|Go|Kubernetes|Node.js|TensorFlow|MongoDB,76.4,88.5
IT0034,Meera Banerjee,meera.banerjee.34@campus.edu,IT,9.59,1,Express|Next.js|AWS|Python|React,91.6,74.2
ECE0035,Nisha Sharma,nisha.sharma.35@campus.edu,ECE,8.38,0,Express|Java|Next.js|MongoDB|TensorFlow|Docker|Node.js,84.6,71.6
IT0036,Tara Kulkarni,tara.kulkarni.36@campus.edu,IT,8.02,0,Java|Python|Express|C++|Kubernetes,88.6,82.1
ECE0037,Priya Sharma,priya.sharma.37@campus.edu,ECE,9.71,0,Next.js|Express|TensorFlow|Node.js,87.7,95.7
IT0038,Aarav Reddy,aarav.reddy.38@campus.edu,IT,8.77,0,Express|Go|Next.js|AWS|Python|Node.js,92.8,69.8
Civil0039,Ishaan Singh,ishaan.singh.39@campus.edu,Civil,7.64,0,Node.js|SQL|Python|TensorFlow,87.1,71.8
EE0040,Advait Iyer,advait.iyer.40@campus.edu,EE,9.50,0,MongoDB|Docker|React,90.6,81.7
Civil0041,Neel Das,neel.das.41@campus.edu,Civil,8.81,0,Express|SQL|TensorFlow,94.3,91.1
IT0042,Rohan Gupta,rohan.gupta.42@campus.edu,IT,7.74,0,Kubernetes|C++|TypeScript|Node.js,72.2,78.5
CSE0043,Arjun Mehta,arjun.mehta.43@campus.edu,CSE,6.69,0,React|SQL|Node.js|Java|Express|MongoDB,85.6,91.8
CSE0044,Kavya Chopra,kavya.chopra.44@campus.edu,CSE,8.44,0,Node.js|TypeScript|TensorFlow|Python|Java|SQL,84.6,79.4
EE0045,Priya Das,priya.das.45@campus.edu,EE,8.03,0,React|Python|TypeScript|Docker|Next.js|Kubernetes|Node.js,89.5,77.6
EE0046,Zara Kulkarni,zara.kulkarni.46@campus.edu,EE,7.10,0,AWS|Express|SQL|Docker|Node.js,70.6,96.9
ECE0047,Saanvi Malhotra,saanvi.malhotra.47@campus.edu,ECE,6.67,0,C++|Python|Docker|Kubernetes|Node.js,82.8,76.5
ECE0048,Neel Das,neel.das.48@campus.edu,ECE,9.41,0,Express|Kubernetes|Node.js|Java|Python,78.8,69.0
ME0049,Aditi Iyer,aditi.iyer.49@campus.edu,ME,7.41,1,Kubernetes|Python|Next.js|SQL|Node.js,96.4,87.4
IT0050,Kavya Iyer,kavya.iyer.50@campus.edu,IT,7.17,0,Python|React|Express|TensorFlow|AWS|Node.js,89.1,76.6
EE0051,Kavya Sharma,kavya.sharma.51@campus.edu,EE,7.64,1,Express|Java|React|TypeScript|Kubernetes|Node.js,74.9,90.8
IT0052,Neel Das,neel.das.52@campus.edu,IT,6.59,0,AWS|Docker|Java|TensorFlow|Kubernetes|Node.js,92.5,72.6
IT0053,Diya Iyer,diya.iyer.53@campus.edu,IT,7.51,1,Node.js|Python|TensorFlow|MongoDB|SQL|Express,90.6,80.5
CSE0054,Priya Das,priya.das.54@campus.edu,CSE,7.32,2,React|MongoDB|AWS|Kubernetes|Node.js,92.2,96.4
ECE0055,Arjun Nair,arjun.nair.55@campus.edu,ECE,9.72,0,Kubernetes|SQL|MongoDB,92.5,93.2
IT0056,Tara Gupta,tara.gupta.56@campus.edu,IT,8.05,0,Kubernetes|TensorFlow|Next.js,84.8,84.5
ECE0057,Meera Patel,meera.patel.57@campus.edu,ECE,8.59,0,React|Java|TensorFlow|MongoDB|C++|Node.js,93.8,95.6
CSE0058,Rohan Singh,rohan.singh.58@campus.edu,CSE,6.72,0,Docker|Java|Next.js|MongoDB|React|Node.js,86.2,74.6
Civil0059,Vihaan Mehta,vihaan.mehta.59@campus.edu,Civil,9.01,0,Express|Docker|MongoDB|TensorFlow|TypeScript|Node.js,86.6,87.9
IT0060,Kabir Gupta,kabir.gupta.60@campus.edu,IT,6.26,0,Next.js|React|Python|C++|Node.js,79.6,93.1
Civil0061,Isha Kulkarni,isha.kulkarni.61@campus.edu,Civil,8.38,0,Python|Go|Docker|Node.js,75.1,78.8
CSE0062,Isha Sharma,isha.sharma.62@campus.edu,CSE,6.53,0,AWS|Python|Go|SQL,93.5,77.1
ME0063,Ananya Gupta,ananya.gupta.63@campus.edu,ME,6.22,0,TensorFlow|C++|Java|Node.js,97.3,95.1
EE0064,Rohan Chopra,rohan.chopra.64@campus.edu,EE,8.26,0,TensorFlow|C++|TypeScript|SQL|Express|Python|Node.js,92.4,84.9
ECE0065,Rohan Sharma,rohan.sharma.65@campus.edu,ECE,8.03,1,Docker|Node.js|Kubernetes|Next.js|TensorFlow|C++,72.3,69.0
ECE0066,Reyansh Patel,reyansh.patel.66@campus.edu,ECE,8.56,0,Node.js|TensorFlow|TypeScript|Python|SQL,85.8,84.5
EE0067,Ananya Das,ananya.das.67@campus.edu,EE,8.20,1,Express|TensorFlow|Next.js|Go|Kubernetes|Python|Node.js,92.1,76.9
CSE0068,Aarav Khan,aarav.khan.68@campus.edu,CSE,7.34,0,Node.js|C++|AWS|Python,93.0,71.0
IT0069,Neel Singh,neel.singh.69@campus.edu,IT,7.69,0,Python|SQL|TypeScript|TensorFlow|Node.js,88.4,88.8
ME0070,Vihaan Reddy,vihaan.reddy.70@campus.edu,ME,7.58,0,TypeScript|TensorFlow|Next.js,75.9,92.9
Civil0071,Diya Das,diya.das.71@campus.edu,Civil,7.15,0,Kubernetes|React|TypeScript|Node.js,84.1,85.1
EE0072,Tara Nair,tara.nair.72@campus.edu,EE,8.19,0,Java|React|SQL|Go,83.5,95.2
Civil0073,Reyansh Chopra,reyansh.chopra.73@campus.edu,Civil,7.04,0,Java|Express|React|C++|TypeScript|Node.js,79.3,77.2
CSE0074,Reyansh Gupta,reyansh.gupta.74@campus.edu,CSE,6.87,0,Java|Express|Python|Node.js|Next.js,84.0,72.5
ME0075,Rohan Iyer,rohan.iyer.75@campus.edu,ME,9.32,0,MongoDB|Node.js|Express|TypeScript|Next.js,88.3,69.7
ECE0076,Tara Das,tara.das.76@campus.edu,ECE,7.06,0,Next.js|SQL|MongoDB|Python|Docker|AWS|Node.js,86.0,81.9
IT0077,Kabir Banerjee,kabir.banerjee.77@campus.edu,IT,7.68,0,Docker|MongoDB|Python|C++|Node.js,74.7,78.0
Civil0078,Zara Mehta,zara.mehta.78@campus.edu,Civil,8.88,0,Docker|SQL|AWS|TensorFlow|Node.js,95.5,96.9
EE0079,Zara Singh,zara.singh.79@campus.edu,EE,7.21,0,Kubernetes|TensorFlow|React|Node.js,72.4,78.2
CSE0080,Ishaan Nair,ishaan.nair.80@campus.edu,CSE,8.73,0,Kubernetes|Python|Express|Node.js,83.3,83.3
ECE0081,Kabir Mehta,kabir.mehta.81@campus.edu,ECE,8.55,0,AWS|Kubernetes|Node.js|Go,91.2,86.4
ECE0082,Saanvi Chopra,saanvi.chopra.82@campus.edu,ECE,9.44,0,SQL|React|Python|AWS|Kubernetes,76.9,78.3
CSE0083,Advait Mehta,advait.mehta.83@campus.edu,CSE,7.36,0,TensorFlow|Kubernetes|C++|Node.js,76.7,78.2
ME0084,Diya Malhotra,diya.malhotra.84@campus.edu,ME,8.80,0,React|AWS|SQL|Next.js|Node.js,75.4,72.2
IT0085,Priya Khan,priya.khan.85@campus.edu,IT,9.63,0,Kubernetes|AWS|Go|Express|Next.js|Node.js,70.8,72.6
CSE0086,Advait Mehta,advait.mehta.86@campus.edu,CSE,7.14,0,AWS|C++|SQL|Java|MongoDB|Kubernetes|Node.js,91.8,94.8
IT0087,Ananya Banerjee,ananya.banerjee.87@campus.edu,IT,6.29,2,TensorFlow|Node.js|Python|Next.js,89.0,95.0
Civil0088,Ishaan Singh,ishaan.singh.88@campus.edu,Civil,8.25,0,AWS|Docker|Next.js|React|Node.js,75.9,74.5
ME0089,Aditi Sharma,aditi.sharma.89@campus.edu,ME,9.23,0,MongoDB|React|Kubernetes,90.9,98.0
ECE0090,Meera Joshi,meera.joshi.90@campus.edu,ECE,9.19,0,Kubernetes|MongoDB|AWS,84.9,88.5
EE0091,Rohan Chopra,rohan.chopra.91@campus.edu,EE,7.07,2,Node.js|React|TypeScript|MongoDB,96.7,71.4
ECE0092,Priya Chopra,priya.chopra.92@campus.edu,ECE,6.98,0,TensorFlow|MongoDB|Node.js|TypeScript|Java|C++,73.6,82.7
EE0093,Kabir Malhotra,kabir.malhotra.93@campus.edu,EE,7.52,0,TypeScript|Express|Kubernetes|Go|Node.js,80.1,79.7
EE0094,Saanvi Patel,saanvi.patel.94@campus.edu,EE,6.23,0,Kubernetes|Node.js|AWS|Next.js,76.6,93.2
IT0095,Reyansh Singh,reyansh.singh.95@campus.edu,IT,9.69,0,AWS|Go|Kubernetes|TypeScript|SQL|Docker,72.2,81.3
CSE0096,Diya Das,diya.das.96@campus.edu,CSE,9.18,0,Next.js|MongoDB|TypeScript|Docker,74.1,97.4
ECE0097,Isha Malhotra,isha.malhotra.97@campus.edu,ECE,7.17,2,Kubernetes|TensorFlow|Docker|Next.js|Go,90.9,68.5
IT0098,Ananya Joshi,ananya.joshi.98@campus.edu,IT,6.64,1,MongoDB|Kubernetes|Go|Docker|Express|Java,74.4,70.2
Civil0099,Arjun Khan,arjun.khan.99@campus.edu,Civil,9.20,1,SQL|Next.js|Docker|C++,74.1,83.4
EE0100,Zara Reddy,zara.reddy.100@campus.edu,EE,6.70,0,MongoDB|Python|Express|Go,83.0,93.0
IT0101,Kavya Sharma,kavya.sharma.101@campus.edu,IT,9.28,0,Next.js|Go|Kubernetes|Docker|C++|Node.js,94.0,94.6
EE0102,Ishaan Malhotra,ishaan.malhotra.102@campus.edu,EE,6.37,0,Python|Java|Express,80.3,88.5
ECE0103,Kabir Malhotra,kabir.malhotra.103@campus.edu,ECE,6.34,0,Java|Go|Python,90.5,81.6
ME0104,Reyansh Gupta,reyansh.gupta.104@campus.edu,ME,9.78,0,Go|Java|Python|Node.js|React,87.1,88.9
EE0105,Reyansh Banerjee,reyansh.banerjee.105@campus.edu,EE,8.59,0,Kubernetes|React|MongoDB,80.8,68.5
Civil0106,Aarav Reddy,aarav.reddy.106@campus.edu,Civil,6.42,0,C++|AWS|Docker,86.4,75.4
Civil0107,Ishaan Nair,ishaan.nair.107@campus.edu,Civil,7.72,0,Python|MongoDB|Go,86.4,77.0
Civil0108,Kabir Mehta,kabir.mehta.108@campus.edu,Civil,8.93,2,Python|Kubernetes|Go|Node.js,88.9,69.8
EE0109,Priya Iyer,priya.iyer.109@campus.edu,EE,6.81,0,TypeScript|SQL|Python|AWS|Node.js,93.5,87.6
ME0110,Aarav Chopra,aarav.chopra.110@campus.edu,ME,9.43,2,MongoDB|C++|Go,78.9,92.5
ECE0111,Vihaan Kulkarni,vihaan.kulkarni.111@campus.edu,ECE,7.55,0,C++|Go|Express|Node.js,82.5,90.3
ECE0112,Nisha Mehta,nisha.mehta.112@campus.edu,ECE,6.31,0,MongoDB|Next.js|Java|Node.js|Express,74.3,87.9
Civil0113,Aarav Sharma,aarav.sharma.113@campus.edu,Civil,7.50,0,SQL|Go|AWS|C++|Python,78.7,79.3
ECE0114,Rohan Mehta,rohan.mehta.114@campus.edu,ECE,9.54,0,React|Node.js|Go,92.0,81.8
Civil0115,Diya Singh,diya.singh.115@campus.edu,Civil,6.76,1,TypeScript|Next.js|TensorFlow|Python|Node.js,74.9,93.8
ECE0116,Ananya Chopra,ananya.chopra.116@campus.edu,ECE,6.69,0,MongoDB|Kubernetes|C++,85.0,83.1
EE0117,Isha Mehta,isha.mehta.117@campus.edu,EE,6.80,0,Kubernetes|Express|SQL|TypeScript|Next.js|TensorFlow,72.9,85.7
ECE0118,Meera Malhotra,meera.malhotra.118@campus.edu,ECE,6.43,0,Next.js|Kubernetes|C++|Node.js,75.6,77.3
Civil0119,Vihaan Khan,vihaan.khan.119@campus.edu,Civil,6.57,0,TensorFlow|SQL|Python|Node.js,93.6,93.5
IT0120,Isha Singh,isha.singh.120@campus.edu,IT,8.90,0,Express|Node.js|Kubernetes,83.4,75.3
ME0121,Meera Kulkarni,meera.kulkarni.121@campus.edu,ME,8.49,0,Docker|SQL|Node.js|C++|Next.js,94.2,71.3
CSE0122,Ananya Chopra,ananya.chopra.122@campus.edu,CSE,7.34,0,Express|MongoDB|Kubernetes|Java,85.4,79.8
ME0123,Priya Joshi,priya.joshi.123@campus.edu,ME,9.20,0,Next.js|AWS|Docker|Node.js,79.1,80.1
EE0124,Aarav Joshi,aarav.joshi.124@campus.edu,EE,8.18,0,MongoDB|Express|TypeScript|Node.js,75.0,93.8
EE0125,Diya Nair,diya.nair.125@campus.edu,EE,9.44,0,Express|C++|React|TypeScript|SQL|Next.js,94.6,94.1
IT0126,Kavya Chopra,kavya.chopra.126@campus.edu,IT,9.19,0,Node.js|TensorFlow|Kubernetes|Go,73.1,72.2
CSE0127,Nisha Mehta,nisha.mehta.127@campus.edu,CSE,7.28,0,Express|Java|Node.js|Next.js|Python|React,89.6,73.3
ME0128,Nisha Khan,nisha.khan.128@campus.edu,ME,9.39,0,Next.js|Kubernetes|AWS|React|MongoDB|Express|Node.js,82.2,77.4
ECE0129,Tara Mehta,tara.mehta.129@campus.edu,ECE,8.00,2,Next.js|SQL|MongoDB|Node.js,94.1,71.7
ME0130,Ananya Reddy,ananya.reddy.130@campus.edu,ME,7.71,0,Go|TypeScript|AWS|Node.js,72.2,83.6
IT0131,Ishaan Nair,ishaan.nair.131@campus.edu,IT,7.09,0,SQL|Python|Kubernetes|Java,81.2,76.5
ME0132,Ananya Khan,ananya.khan.132@campus.edu,ME,7.78,0,TensorFlow|Node.js|React|Express,82.4,93.6
Civil0133,Zara Chopra,zara.chopra.133@campus.edu,Civil,9.21,0,TensorFlow|Next.js|Express|React|TypeScript|C++|Node.js,85.9,94.0
IT0134,Ananya Iyer,ananya.iyer.134@campus.edu,IT,7.79,0,Next.js|Docker|TensorFlow|Node.js,85.2,89.8
CSE0135,Meera Gupta,meera.gupta.135@campus.edu,CSE,6.77,0,Java|Docker|Node.js,83.4,96.2
ME0136,Aditi Kulkarni,aditi.kulkarni.136@campus.edu,ME,8.51,0,C++|Docker|Next.js|AWS|React|Express,82.0,97.7
Civil0137,Kavya Chopra,kavya.chopra.137@campus.edu,Civil,9.12,0,React|C++|Go|Node.js|Java,74.6,81.8
Civil0138,Priya Joshi,priya.joshi.138@campus.edu,Civil,8.43,0,Python|Go|AWS|Node.js,86.4,75.9
CSE0139,Tara Chopra,tara.chopra.139@campus.edu,CSE,6.41,0,Next.js|Go|React|C++,94.6,81.9
EE0140,Ishaan Gupta,ishaan.gupta.140@campus.edu,EE,8.45,0,Go|TypeScript|React,73.9,89.1
Civil0141,Ananya Kulkarni,ananya.kulkarni.141@campus.edu,Civil,7.52,2,SQL|Node.js|Next.js|Docker|Go,77.7,78.6
ME0142,Vihaan Das,vihaan.das.142@campus.edu,ME,8.32,0,Java|Next.js|AWS|Docker|TensorFlow|Node.js,95.8,75.7
EE0143,Meera Nair,meera.nair.143@campus.edu,EE,7.88,1,Express|React|C++|Java|TensorFlow|Node.js,71.4,71.0
Civil0144,Kabir Sharma,kabir.sharma.144@campus.edu,Civil,6.32,0,Docker|Python|Go|Kubernetes|Java|C++,72.6,82.6
IT0145,Saanvi Banerjee,saanvi.banerjee.145@campus.edu,IT,8.15,0,Express|TypeScript|Python|SQL|Kubernetes|Go,83.7,72.6
IT0146,Arjun Khan,arjun.khan.146@campus.edu,IT,9.64,2,Go|TensorFlow|C++|Node.js,81.5,76.1
Civil0147,Kabir Gupta,kabir.gupta.147@campus.edu,Civil,9.78,0,Express|Go|AWS|C++|Java|TypeScript,71.8,97.7
ME0148,Kavya Kulkarni,kavya.kulkarni.148@campus.edu,ME,7.92,0,Go|Docker|React|Kubernetes|Java|TensorFlow|Node.js,82.5,68.1
ME0149,Reyansh Joshi,reyansh.joshi.149@campus.edu,ME,7.94,0,SQL|AWS|Docker|TensorFlow|Next.js|Python,75.6,79.1
Civil0150,Vihaan Das,vihaan.das.150@campus.edu,Civil,8.35,0,Java|Kubernetes|React|SQL|TensorFlow|AWS|Node.js,87.8,82.3
EE0151,Arjun Joshi,arjun.joshi.151@campus.edu,EE,8.72,0,C++|Kubernetes|Docker|TensorFlow|Node.js,92.8,95.2
ME0152,Aarav Iyer,aarav.iyer.152@campus.edu,ME,9.31,0,Java|TensorFlow|TypeScript|Node.js,96.9,80.8
EE0153,Kabir Sharma,kabir.sharma.153@campus.edu,EE,8.25,0,Go|TensorFlow|MongoDB|C++|Node.js|SQL,73.6,96.8
EE0154,Kabir Banerjee,kabir.banerjee.154@campus.edu,EE,9.29,0,AWS|MongoDB|SQL|Go|TypeScript|TensorFlow|Node.js,82.0,87.6
CSE0155,Arjun Kulkarni,arjun.kulkarni.155@campus.edu,CSE,9.48,0,TypeScript|MongoDB|SQL|Java|AWS|Express|Node.js,85.4,73.8
Civil0156,Aarav Kulkarni,aarav.kulkarni.156@campus.edu,Civil,7.40,0,Python|React|SQL|Node.js,93.6,81.4
CSE0157,Rohan Singh,rohan.singh.157@campus.edu,CSE,7.21,0,MongoDB|Python|Kubernetes|Go|Node.js,80.6,96.4
EE0158,Aarav Kulkarni,aarav.kulkarni.158@campus.edu,EE,6.85,0,Express|Docker|Next.js|C++|Node.js,84.9,70.1
IT0159,Meera Khan,meera.khan.159@campus.edu,IT,9.07,1,Docker|SQL|AWS|Node.js,92.4,74.7
Civil0160,Kavya Reddy,kavya.reddy.160@campus.edu,Civil,8.76,0,TypeScript|Docker|AWS|Next.js|C++|Node.js,89.4,77.8
ME0161,Saanvi Reddy,saanvi.reddy.161@campus.edu,ME,9.44,0,AWS|Python|Express|C++|Next.js|Node.js,71.1,70.9
IT0162,Diya Khan,diya.khan.162@campus.edu,IT,7.69,2,Go|Java|Node.js|SQL,93.6,83.9
ECE0163,Neel Nair,neel.nair.163@campus.edu,ECE,6.30,0,TensorFlow|Python|Java|Go,73.8,76.9
Civil0164,Kabir Malhotra,kabir.malhotra.164@campus.edu,Civil,8.55,0,Docker|Next.js|Node.js|Python,89.2,88.4
ECE0165,Neel Sharma,neel.sharma.165@campus.edu,ECE,9.78,0,Java|Express|TensorFlow|Node.js,74.7,92.2
ECE0166,Isha Singh,isha.singh.166@campus.edu,ECE,8.04,0,Python|TensorFlow|MongoDB|Express,88.9,78.5
ECE0167,Zara Nair,zara.nair.167@campus.edu,ECE,9.72,0,Express|Go|Docker|Node.js,90.5,78.6
CSE0168,Advait Gupta,advait.gupta.168@campus.edu,CSE,9.57,0,TensorFlow|Python|Docker|Java|SQL,96.4,70.2
IT0169,Diya Banerjee,diya.banerjee.169@campus.edu,IT,7.63,2,MongoDB|Next.js|Java|SQL|Node.js,92.0,91.2
CSE0170,Tara Khan,tara.khan.170@campus.edu,CSE,7.27,0,Node.js|Docker|C++|React,76.3,86.3
ECE0171,Saanvi Malhotra,saanvi.malhotra.171@campus.edu,ECE,6.47,0,Node.js|Express|React|Java|AWS,97.8,85.4
ME0172,Meera Gupta,meera.gupta.172@campus.edu,ME,7.14,0,Express|Kubernetes|TypeScript|React|Node.js,76.4,88.2
ECE0173,Neel Khan,neel.khan.173@campus.edu,ECE,8.33,0,C++|Python|Java|TypeScript|Go|SQL|Node.js,80.3,96.6
EE0174,Saanvi Iyer,saanvi.iyer.174@campus.edu,EE,7.09,0,Go|SQL|TypeScript|Node.js,78.2,92.6
ECE0175,Aarav Mehta,aarav.mehta.175@campus.edu,ECE,6.27,0,Next.js|Python|Docker,84.4,97.4
ME0176,Aditi Singh,aditi.singh.176@campus.edu,ME,9.40,0,React|MongoDB|Kubernetes|Go|C++|Node.js,74.2,95.6
Civil0177,Nisha Malhotra,nisha.malhotra.177@campus.edu,Civil,9.14,0,TensorFlow|Express|Go|TypeScript|Node.js|Docker,86.3,96.7
Civil0178,Neel Kulkarni,neel.kulkarni.178@campus.edu,Civil,9.16,2,Java|TypeScript|Python|Docker|Node.js,94.3,75.3
Civil0179,Aarav Sharma,aarav.sharma.179@campus.edu,Civil,6.23,0,Go|SQL|Docker|Kubernetes|C++|Node.js,75.0,69.5
Civil0180,Saanvi Khan,saanvi.khan.180@campus.edu,Civil,8.90,0,C++|React|TypeScript|Go,75.8,82.1
CSE0181,Neel Mehta,neel.mehta.181@campus.edu,CSE,7.93,0,Express|Node.js|Docker,71.1,96.2
EE0182,Zara Nair,zara.nair.182@campus.edu,EE,8.67,0,C++|TypeScript|AWS,78.1,83.5
CSE0183,Isha Reddy,isha.reddy.183@campus.edu,CSE,6.87,0,Docker|TensorFlow|Next.js|React,84.1,74.9
Civil0184,Ananya Reddy,ananya.reddy.184@campus.edu,Civil,8.30,1,Kubernetes|Docker|MongoDB|Go|Node.js,93.6,81.4
CSE0185,Kavya Malhotra,kavya.malhotra.185@campus.edu,CSE,7.11,2,TypeScript|Node.js|Docker|MongoDB|Python,78.6,95.1
ME0186,Isha Mehta,isha.mehta.186@campus.edu,ME,6.33,0,TypeScript|Python|MongoDB|SQL|C++,81.6,76.9
IT0187,Vihaan Sharma,vihaan.sharma.187@campus.edu,IT,7.93,0,AWS|TensorFlow|Express|Java|C++,74.2,80.5
CSE0188,Meera Das,meera.das.188@campus.edu,CSE,8.66,0,React|Kubernetes|SQL|Node.js,73.3,69.3
Civil0189,Kavya Chopra,kavya.chopra.189@campus.edu,Civil,7.93,1,SQL|React|TensorFlow|Node.js|Python|Java,96.8,96.8
ECE0190,Advait Singh,advait.singh.190@campus.edu,ECE,7.51,0,Node.js|C++|Java|TypeScript,76.4,80.5
ECE0191,Arjun Mehta,arjun.mehta.191@campus.edu,ECE,6.78,0,React|TensorFlow|Kubernetes|Node.js,80.5,96.8
IT0192,Kabir Sharma,kabir.sharma.192@campus.edu,IT,7.39,0,React|TypeScript|MongoDB|Docker,78.0,68.4
IT0193,Ishaan Das,ishaan.das.193@campus.edu,IT,7.69,0,Go|AWS|TensorFlow|Next.js|Kubernetes|Node.js,86.0,96.7
ECE0194,Ananya Mehta,ananya.mehta.194@campus.edu,ECE,6.80,0,SQL|MongoDB|Express|TensorFlow,82.7,75.4
ECE0195,Diya Singh,diya.singh.195@campus.edu,ECE,9.56,0,Node.js|Java|Kubernetes|Next.js|Docker,83.1,83.5
ECE0196,Aditi Singh,aditi.singh.196@campus.edu,ECE,8.02,0,Express|MongoDB|Node.js,70.2,79.6
IT0197,Isha Gupta,isha.gupta.197@campus.edu,IT,6.76,0,Python|SQL|MongoDB,85.8,88.3
CSE0198,Saanvi Khan,saanvi.khan.198@campus.edu,CSE,7.90,0,SQL|Next.js|Kubernetes|Python,92.4,88.4
IT0199,Ishaan Banerjee,ishaan.banerjee.199@campus.edu,IT,8.19,2,MongoDB|Java|TensorFlow|Node.js,73.8,76.6
IT0200,Isha Singh,isha.singh.200@campus.edu,IT,9.39,0,TensorFlow|Python|TypeScript|Node.js,85.9,94.5
ME0201,Tara Iyer,tara.iyer.201@campus.edu,ME,6.25,0,C++|Kubernetes|Go|React|Java|Node.js,85.3,88.0
Civil0202,Aditi Malhotra,aditi.malhotra.202@campus.edu,Civil,8.95,0,SQL|TensorFlow|AWS|Node.js,94.1,81.7
ME0203,Ishaan Banerjee,ishaan.banerjee.203@campus.edu,ME,8.99,0,AWS|Python|TensorFlow|Node.js,72.2,97.7
Civil0204,Neel Iyer,neel.iyer.204@campus.edu,Civil,8.78,0,Node.js|AWS|Python|Express,76.5,79.8
ME0205,Zara Reddy,zara.reddy.205@campus.edu,ME,8.92,0,Node.js|Java|AWS|Python|Express|SQL,92.9,74.3
ECE0206,Meera Singh,meera.singh.206@campus.edu,ECE,7.02,2,Node.js|MongoDB|SQL|AWS|React|C++,75.7,82.0
CSE0207,Meera Singh,meera.singh.207@campus.edu,CSE,6.65,0,SQL|MongoDB|React|Go|Next.js|Express|Node.js,92.1,76.4
ECE0208,Aditi Iyer,aditi.iyer.208@campus.edu,ECE,9.42,0,Next.js|SQL|Python|TensorFlow|React|C++,91.9,83.0
CSE0209,Zara Gupta,zara.gupta.209@campus.edu,CSE,6.30,0,Kubernetes|Docker|Java|Node.js,82.8,93.5
ECE0210,Advait Sharma,advait.sharma.210@campus.edu,ECE,7.21,0,Go|Node.js|AWS|React|Python,79.1,73.9
EE0211,Aarav Chopra,aarav.chopra.211@campus.edu,EE,7.99,0,Go|Next.js|TypeScript|SQL|C++,70.9,74.6
ECE0212,Aditi Mehta,aditi.mehta.212@campus.edu,ECE,9.78,0,TensorFlow|SQL|Kubernetes|AWS|Node.js,93.3,69.1
IT0213,Meera Gupta,meera.gupta.213@campus.edu,IT,9.37,0,Docker|Next.js|Go|TensorFlow|Express,82.4,87.0
ME0214,Zara Das,zara.das.214@campus.edu,ME,9.05,0,Next.js|Node.js|SQL,77.2,74.9
ECE0215,Vihaan Das,vihaan.das.215@campus.edu,ECE,7.64,2,SQL|React|C++|Node.js|MongoDB|Docker,91.8,84.6
ME0216,Rohan Banerjee,rohan.banerjee.216@campus.edu,ME,8.77,1,Kubernetes|Java|SQL|Python|MongoDB|Node.js,70.1,94.9
IT0217,Aarav Reddy,aarav.reddy.217@campus.edu,IT,8.43,0,Python|React|Docker,89.0,70.4
ME0218,Kabir Nair,kabir.nair.218@campus.edu,ME,9.33,0,TypeScript|Go|Docker,80.9,80.1
CSE0219,Isha Mehta,isha.mehta.219@campus.edu,CSE,6.70,0,C++|TensorFlow|Python|React|Java,83.6,73.3
ME0220,Kabir Singh,kabir.singh.220@campus.edu,ME,7.86,0,SQL|Go|C++|React|Kubernetes|Node.js,70.8,97.0
ME0221,Reyansh Reddy,reyansh.reddy.221@campus.edu,ME,9.44,0,TypeScript|Kubernetes|TensorFlow|SQL|Python|C++|Node.js,89.1,84.0
ME0222,Ishaan Das,ishaan.das.222@campus.edu,ME,7.95,0,Go|Next.js|Node.js|Kubernetes|Express,90.7,91.8
CSE0223,Advait Gupta,advait.gupta.223@campus.edu,CSE,6.54,0,Go|Node.js|Python|Java|AWS|TensorFlow,82.7,97.6
EE0224,Vihaan Patel,vihaan.patel.224@campus.edu,EE,9.23,1,AWS|Express|C++|Node.js,77.2,77.7
IT0225,Ishaan Iyer,ishaan.iyer.225@campus.edu,IT,7.29,0,Java|React|TypeScript|Express|C++|Node.js,71.1,71.0
ECE0226,Nisha Reddy,nisha.reddy.226@campus.edu,ECE,8.21,0,React|TensorFlow|MongoDB,73.0,73.2
ECE0227,Aditi Reddy,aditi.reddy.227@campus.edu,ECE,7.98,0,Express|Next.js|AWS|SQL|Java|Python|Node.js,85.6,82.4
CSE0228,Advait Joshi,advait.joshi.228@campus.edu,CSE,8.24,1,React|Java|Kubernetes|C++|Docker|SQL|Node.js,76.2,82.4
ECE0229,Ishaan Kulkarni,ishaan.kulkarni.229@campus.edu,ECE,7.31,0,Java|TensorFlow|Python|C++|Express,84.1,80.5
ME0230,Ananya Singh,ananya.singh.230@campus.edu,ME,6.87,0,Next.js|Java|TypeScript|AWS|Node.js,85.4,97.5
CSE0231,Tara Singh,tara.singh.231@campus.edu,CSE,6.95,0,SQL|Python|Go|AWS,82.7,69.3
ECE0232,Vihaan Nair,vihaan.nair.232@campus.edu,ECE,9.32,1,TensorFlow|React|TypeScript|Node.js,97.8,77.1
Civil0233,Arjun Kulkarni,arjun.kulkarni.233@campus.edu,Civil,6.93,0,Node.js|SQL|Go|C++|Next.js,86.2,73.1
Civil0234,Reyansh Chopra,reyansh.chopra.234@campus.edu,Civil,9.58,0,Next.js|Python|TensorFlow|Node.js,72.9,84.6
EE0235,Ananya Joshi,ananya.joshi.235@campus.edu,EE,9.17,2,C++|Kubernetes|SQL|Java|Node.js,79.8,94.2
IT0236,Diya Chopra,diya.chopra.236@campus.edu,IT,9.72,2,MongoDB|C++|React|Python|Node.js|Java,90.6,78.3
EE0237,Ananya Khan,ananya.khan.237@campus.edu,EE,9.12,1,React|Python|Docker|TensorFlow|Java|Node.js,89.9,71.8
ME0238,Zara Joshi,zara.joshi.238@campus.edu,ME,9.31,0,Node.js|SQL|TensorFlow|Kubernetes|Python|Next.js,77.3,87.4
ECE0239,Advait Patel,advait.patel.239@campus.edu,ECE,6.97,0,Python|React|MongoDB|SQL|Go,94.3,72.9
Civil0240,Advait Das,advait.das.240@campus.edu,Civil,8.60,0,React|Kubernetes|Python|Express,97.1,72.2
ECE0241,Ananya Sharma,ananya.sharma.241@campus.edu,ECE,7.28,0,Express|Docker|Next.js|TensorFlow|C++|AWS,91.0,85.5
EE0242,Kabir Khan,kabir.khan.242@campus.edu,EE,6.73,0,Python|Express|Java|Node.js|Next.js|SQL,81.0,87.6
ME0243,Aditi Khan,aditi.khan.243@campus.edu,ME,6.38,0,Node.js|Express|MongoDB|Go|TensorFlow,78.1,79.2
EE0244,Saanvi Sharma,saanvi.sharma.244@campus.edu,EE,7.94,0,Express|Kubernetes|MongoDB|Go|Docker|Python|Node.js,97.9,97.9
IT0245,Reyansh Sharma,reyansh.sharma.245@campus.edu,IT,8.00,0,Next.js|Kubernetes|TypeScript|Node.js,83.9,71.2
CSE0246,Reyansh Kulkarni,reyansh.kulkarni.246@campus.edu,CSE,7.03,0,Python|TensorFlow|Next.js|Node.js|Go,70.9,95.0
CSE0247,Diya Joshi,diya.joshi.247@campus.edu,CSE,8.75,0,Go|Kubernetes|Node.js,71.5,94.0
Civil0248,Kabir Das,kabir.das.248@campus.edu,Civil,9.09,0,AWS|Docker|MongoDB|Next.js|SQL|Node.js,82.6,72.3
IT0249,Tara Sharma,tara.sharma.249@campus.edu,IT,7.51,0,MongoDB|Java|Go|TypeScript|React|SQL|Node.js,88.4,75.0
ME0250,Rohan Singh,rohan.singh.250@campus.edu,ME,7.57,1,Java|MongoDB|Next.js|Node.js|Docker|Go,91.5,91.0
ECE0251,Reyansh Das,reyansh.das.251@campus.edu,ECE,8.43,0,Kubernetes|Java|Express,90.9,74.3
EE0252,Ananya Joshi,ananya.joshi.252@campus.edu,EE,8.76,0,AWS|C++|MongoDB|Python|TensorFlow,94.1,96.6
EE0253,Meera Iyer,meera.iyer.253@campus.edu,EE,7.91,0,React|Go|Express|Node.js,87.1,97.6
ME0254,Isha Gupta,isha.gupta.254@campus.edu,ME,7.59,0,AWS|Go|Node.js|TypeScript|MongoDB,93.8,68.0
ME0255,Rohan Mehta,rohan.mehta.255@campus.edu,ME,8.99,0,Kubernetes|MongoDB|C++|Node.js,92.0,74.0
EE0256,Tara Mehta,tara.mehta.256@campus.edu,EE,6.27,0,Express|Java|Node.js|TypeScript|React,73.5,91.7
EE0257,Kabir Mehta,kabir.mehta.257@campus.edu,EE,6.69,0,Go|MongoDB|Next.js|Kubernetes|Node.js,80.8,91.2
IT0258,Aarav Gupta,aarav.gupta.258@campus.edu,IT,6.69,0,Python|TypeScript|Kubernetes|SQL,73.5,98.0
IT0259,Arjun Reddy,arjun.reddy.259@campus.edu,IT,9.27,0,Kubernetes|Python|Java|Next.js|MongoDB|SQL,91.7,87.0
EE0260,Kavya Nair,kavya.nair.260@campus.edu,EE,9.01,0,MongoDB|Go|Kubernetes|Docker|C++|TypeScript|Node.js,79.6,97.8
ME0261,Priya Singh,priya.singh.261@campus.edu,ME,8.29,0,AWS|TypeScript|Express|Docker,80.3,70.2
EE0262,Aditi Mehta,aditi.mehta.262@campus.edu,EE,8.69,0,React|Kubernetes|Next.js|MongoDB|TypeScript|Node.js,83.1,91.1
Civil0263,Reyansh Malhotra,reyansh.malhotra.263@campus.edu,Civil,7.80,0,SQL|Next.js|C++|React|Node.js,81.0,89.4
ECE0264,Aarav Gupta,aarav.gupta.264@campus.edu,ECE,8.84,0,Docker|SQL|React|MongoDB|Next.js|Node.js,71.4,73.5
ME0265,Rohan Iyer,rohan.iyer.265@campus.edu,ME,8.26,0,Next.js|C++|TypeScript|SQL|TensorFlow|Docker,71.2,82.8
ECE0266,Meera Kulkarni,meera.kulkarni.266@campus.edu,ECE,7.94,0,MongoDB|Docker|TensorFlow,89.2,84.0
IT0267,Priya Khan,priya.khan.267@campus.edu,IT,7.60,0,TypeScript|Java|Next.js,85.1,85.2
ECE0268,Rohan Iyer,rohan.iyer.268@campus.edu,ECE,6.31,0,Node.js|Express|Next.js,79.4,72.8
ME0269,Tara Gupta,tara.gupta.269@campus.edu,ME,9.04,0,C++|Java|Express|Node.js,84.4,83.6
ECE0270,Neel Gupta,neel.gupta.270@campus.edu,ECE,9.26,0,TensorFlow|TypeScript|React|Node.js|AWS,80.0,88.4
EE0271,Zara Gupta,zara.gupta.271@campus.edu,EE,9.34,0,React|Java|Express|Docker|Node.js|Go,89.4,89.7
ECE0272,Ishaan Sharma,ishaan.sharma.272@campus.edu,ECE,7.72,0,Docker|React|TensorFlow,70.1,89.6
IT0273,Diya Gupta,diya.gupta.273@campus.edu,IT,8.38,0,Kubernetes|Node.js|MongoDB,70.6,91.1
ME0274,Ishaan Das,ishaan.das.274@campus.edu,ME,8.28,0,AWS|Go|TensorFlow|React|SQL,80.1,84.6
EE0275,Aditi Joshi,aditi.joshi.275@campus.edu,EE,7.24,0,Next.js|Node.js|Python|React|Kubernetes,92.6,93.9
CSE0276,Tara Sharma,tara.sharma.276@campus.edu,CSE,8.42,2,Docker|Python|AWS|Java|Node.js,85.5,85.7
Civil0277,Aditi Joshi,aditi.joshi.277@campus.edu,Civil,7.53,0,React|MongoDB|AWS|Docker|Java|Express|Node.js,86.1,90.6
EE0278,Rohan Nair,rohan.nair.278@campus.edu,EE,7.29,0,Express|TypeScript|MongoDB|Java,88.1,78.2
EE0279,Vihaan Khan,vihaan.khan.279@campus.edu,EE,7.84,0,SQL|Next.js|MongoDB,82.7,76.4
Civil0280,Diya Das,diya.das.280@campus.edu,Civil,7.71,0,TensorFlow|Python|React|Node.js,89.4,70.9
CSE0281,Zara Nair,zara.nair.281@campus.edu,CSE,7.23,0,Node.js|Docker|Java|MongoDB|SQL|C++,84.1,79.7
ECE0282,Kavya Joshi,kavya.joshi.282@campus.edu,ECE,6.87,0,MongoDB|Node.js|TensorFlow|Next.js|Python|Docker,93.7,70.3
CSE0283,Saanvi Banerjee,saanvi.banerjee.283@campus.edu,CSE,7.41,0,Express|Next.js|TypeScript|MongoDB|Node.js|Python,84.3,81.3
ME0284,Rohan Singh,rohan.singh.284@campus.edu,ME,6.95,0,Next.js|AWS|Python|TensorFlow|React|Node.js,74.1,87.7
EE0285,Advait Sharma,advait.sharma.285@campus.edu,EE,8.86,0,Java|Python|C++|Docker|SQL|Node.js,95.7,91.6
CSE0286,Arjun Banerjee,arjun.banerjee.286@campus.edu,CSE,9.15,0,SQL|C++|TensorFlow|Go|Node.js,93.2,95.0
IT0287,Neel Iyer,neel.iyer.287@campus.edu,IT,6.75,0,Docker|SQL|C++|MongoDB|Python|Node.js,80.1,76.4
CSE0288,Neel Banerjee,neel.banerjee.288@campus.edu,CSE,7.92,0,Go|AWS|Kubernetes|C++,94.5,81.9
EE0289,Tara Sharma,tara.sharma.289@campus.edu,EE,9.08,0,React|Node.js|TypeScript,75.1,93.4
ME0290,Isha Sharma,isha.sharma.290@campus.edu,ME,7.04,0,Next.js|AWS|Go|Docker,77.8,78.4
Civil0291,Aarav Joshi,aarav.joshi.291@campus.edu,Civil,7.92,1,Kubernetes|Node.js|Python,74.7,79.9
Civil0292,Saanvi Patel,saanvi.patel.292@campus.edu,Civil,9.29,0,Java|Go|Kubernetes,79.9,91.9
CSE0293,Nisha Banerjee,nisha.banerjee.293@campus.edu,CSE,6.21,0,MongoDB|TensorFlow|Next.js|TypeScript|SQL,80.9,82.5
CSE0294,Kabir Patel,kabir.patel.294@campus.edu,CSE,7.86,0,SQL|Express|C++|React|Python|Node.js,71.4,71.1
CSE0295,Neel Nair,neel.nair.295@campus.edu,CSE,9.64,0,Kubernetes|Next.js|SQL,95.8,75.4
ECE0296,Neel Das,neel.das.296@campus.edu,ECE,9.22,0,Node.js|TensorFlow|TypeScript,84.9,81.3
ECE0297,Kavya Nair,kavya.nair.297@campus.edu,ECE,8.75,0,C++|AWS|TensorFlow|Python|MongoDB|Node.js,96.5,89.0
ECE0298,Kabir Iyer,kabir.iyer.298@campus.edu,ECE,7.69,0,Python|Express|AWS|Docker|SQL|TensorFlow,72.2,82.3
Civil0299,Reyansh Sharma,reyansh.sharma.299@campus.edu,Civil,7.85,0,Next.js|SQL|Python,96.6,70.8
ECE0300,Saanvi Joshi,saanvi.joshi.300@campus.edu,ECE,8.24,0,Python|Java|Go|TypeScript|TensorFlow|MongoDB|Node.js,80.7,89.9
EE0301,Tara Das,tara.das.301@campus.edu,EE,6.66,0,AWS|C++|TypeScript|Next.js,97.4,95.4
CSE0302,Zara Chopra,zara.chopra.302@campus.edu,CSE,6.50,0,C++|Go|Docker|TensorFlow|TypeScript|Kubernetes,74.7,71.8
ME0303,Arjun Mehta,arjun.mehta.303@campus.edu,ME,9.64,0,Express|Go|C++|TypeScript,94.6,84.0
ECE0304,Nisha Mehta,nisha.mehta.304@campus.edu,ECE,9.72,0,C++|Docker|Next.js|Node.js|Kubernetes,84.1,81.9
ME0305,Vihaan Joshi,vihaan.joshi.305@campus.edu,ME,7.59,0,Kubernetes|C++|Docker|Node.js,93.3,74.6
IT0306,Kabir Gupta,kabir.gupta.306@campus.edu,IT,9.15,0,Java|MongoDB|Go|Node.js,80.6,77.9
ECE0307,Ananya Singh,ananya.singh.307@campus.edu,ECE,8.26,0,Python|Next.js|TensorFlow|SQL|MongoDB|Node.js,74.4,79.2
ECE0308,Diya Malhotra,diya.malhotra.308@campus.edu,ECE,9.09,0,TensorFlow|AWS|C++|TypeScript|Go|Python|Node.js,82.3,94.1
EE0309,Kabir Sharma,kabir.sharma.309@campus.edu,EE,8.49,0,Docker|C++|Java|Kubernetes,89.6,97.9
CSE0310,Rohan Kulkarni,rohan.kulkarni.310@campus.edu,CSE,6.37,0,Python|TypeScript|Express,77.6,81.9
ECE0311,Neel Mehta,neel.mehta.311@campus.edu,ECE,7.63,0,React|SQL|Kubernetes|Next.js|Node.js,83.4,82.1
ME0312,Meera Reddy,meera.reddy.312@campus.edu,ME,8.00,1,Kubernetes|Express|Next.js|Go|AWS|SQL,75.4,76.0
ECE0313,Ananya Khan,ananya.khan.313@campus.edu,ECE,8.45,0,C++|Next.js|TypeScript|TensorFlow,83.6,75.1
IT0314,Rohan Malhotra,rohan.malhotra.314@campus.edu,IT,9.21,0,Java|Go|Express|AWS|C++|Node.js,90.3,75.8
ME0315,Neel Mehta,neel.mehta.315@campus.edu,ME,7.29,0,Express|TensorFlow|MongoDB|Java,84.8,87.8
ECE0316,Isha Joshi,isha.joshi.316@campus.edu,ECE,9.20,0,Python|AWS|TypeScript|C++|Next.js|Go,82.0,89.5
ME0317,Kavya Reddy,kavya.reddy.317@campus.edu,ME,6.53,0,SQL|Java|TypeScript|React|MongoDB|Node.js,72.0,68.1
EE0318,Kabir Sharma,kabir.sharma.318@campus.edu,EE,6.28,1,AWS|Java|Node.js|TypeScript,76.0,70.0
EE0319,Arjun Sharma,arjun.sharma.319@campus.edu,EE,8.91,0,Docker|SQL|Kubernetes|TensorFlow|React|AWS,87.6,77.9
ME0320,Zara Joshi,zara.joshi.320@campus.edu,ME,7.13,0,Go|Express|Docker|C++|Node.js,90.2,91.5
IT0321,Ananya Chopra,ananya.chopra.321@campus.edu,IT,7.92,2,Next.js|Node.js|Go,74.8,97.6
CSE0322,Kavya Chopra,kavya.chopra.322@campus.edu,CSE,8.57,0,Go|React|SQL|Node.js,93.1,89.4
ECE0323,Reyansh Sharma,reyansh.sharma.323@campus.edu,ECE,8.90,0,Kubernetes|Docker|SQL|React|Next.js|Node.js,85.1,89.8
ME0324,Neel Mehta,neel.mehta.324@campus.edu,ME,6.62,0,Docker|Python|React|AWS|Kubernetes,75.4,74.0
Civil0325,Zara Gupta,zara.gupta.325@campus.edu,Civil,6.25,2,Java|React|TensorFlow|Kubernetes|AWS|MongoDB|Node.js,88.5,75.7
EE0326,Isha Sharma,isha.sharma.326@campus.edu,EE,7.72,0,Python|Kubernetes|Go|SQL|React,80.5,81.9
ECE0327,Zara Gupta,zara.gupta.327@campus.edu,ECE,6.96,1,SQL|AWS|Next.js|Express|Node.js,80.0,73.7
EE0328,Vihaan Khan,vihaan.khan.328@campus.edu,EE,8.03,1,MongoDB|Node.js|Kubernetes|TensorFlow|AWS|React,77.9,93.0
Civil0329,Advait Khan,advait.khan.329@campus.edu,Civil,6.21,0,Express|AWS|Docker|Go|Node.js,88.8,70.6
CSE0330,Rohan Iyer,rohan.iyer.330@campus.edu,CSE,6.88,0,TensorFlow|Go|C++|Express|Node.js,86.7,76.0
Civil0331,Priya Malhotra,priya.malhotra.331@campus.edu,Civil,8.40,0,React|TensorFlow|Go,84.1,92.7
Civil0332,Kavya Das,kavya.das.332@campus.edu,Civil,7.24,0,TensorFlow|SQL|MongoDB|Docker|React|Node.js,75.3,74.3
ECE0333,Nisha Chopra,nisha.chopra.333@campus.edu,ECE,7.27,2,TensorFlow|React|Node.js|Express,71.9,87.7
ME0334,Meera Malhotra,meera.malhotra.334@campus.edu,ME,7.99,0,Next.js|TensorFlow|Python|Docker|Express|MongoDB,82.2,74.0
CSE0335,Rohan Nair,rohan.nair.335@campus.edu,CSE,6.23,0,Next.js|Node.js|MongoDB|React,83.4,90.7
Civil0336,Nisha Kulkarni,nisha.kulkarni.336@campus.edu,Civil,9.06,0,Express|TensorFlow|Go|Node.js|Java,80.7,80.1
ECE0337,Vihaan Chopra,vihaan.chopra.337@campus.edu,ECE,6.24,0,Kubernetes|AWS|Docker|Go|Express|React,88.9,89.6
EE0338,Ishaan Banerjee,ishaan.banerjee.338@campus.edu,EE,9.12,0,TensorFlow|Python|MongoDB|Node.js,94.3,78.0
IT0339,Aarav Gupta,aarav.gupta.339@campus.edu,IT,7.48,0,Go|Docker|Python|Node.js,70.2,78.4
CSE0340,Aarav Malhotra,aarav.malhotra.340@campus.edu,CSE,6.72,0,MongoDB|Python|Docker|Node.js,85.3,87.6
CSE0341,Aditi Singh,aditi.singh.341@campus.edu,CSE,7.78,2,Java|Go|Next.js|Node.js,71.5,82.0
EE0342,Isha Gupta,isha.gupta.342@campus.edu,EE,8.54,1,Next.js|SQL|React|Express,72.7,80.5
IT0343,Zara Joshi,zara.joshi.343@campus.edu,IT,9.08,1,Java|Node.js|Next.js,85.2,74.4
ME0344,Neel Mehta,neel.mehta.344@campus.edu,ME,9.77,2,SQL|Java|Kubernetes|TypeScript,82.1,83.1
ECE0345,Isha Joshi,isha.joshi.345@campus.edu,ECE,7.32,0,AWS|TensorFlow|C++|SQL|Express|Docker,95.3,87.6
ME0346,Aditi Iyer,aditi.iyer.346@campus.edu,ME,7.40,0,Kubernetes|AWS|Docker,93.7,96.0
CSE0347,Advait Chopra,advait.chopra.347@campus.edu,CSE,7.40,0,AWS|Docker|SQL|C++,80.9,72.0
EE0348,Zara Chopra,zara.chopra.348@campus.edu,EE,6.44,1,Kubernetes|AWS|Python|Java|Node.js|C++,93.9,96.6
CSE0349,Tara Reddy,tara.reddy.349@campus.edu,CSE,6.46,0,React|Next.js|Express|AWS|TensorFlow|C++|Node.js,90.4,74.0
IT0350,Reyansh Malhotra,reyansh.malhotra.350@campus.edu,IT,9.20,0,Node.js|Next.js|SQL,76.0,75.0
ME0351,Diya Malhotra,diya.malhotra.351@campus.edu,ME,8.75,2,C++|MongoDB|TypeScript|Next.js|Node.js,85.4,80.8
ECE0352,Advait Gupta,advait.gupta.352@campus.edu,ECE,6.65,2,SQL|Go|TensorFlow|Node.js,75.0,90.0
CSE0353,Kabir Gupta,kabir.gupta.353@campus.edu,CSE,6.86,1,AWS|Next.js|Kubernetes|Go|SQL|MongoDB|Node.js,80.5,76.7
CSE0354,Saanvi Chopra,saanvi.chopra.354@campus.edu,CSE,9.27,0,Next.js|C++|Kubernetes|TypeScript|AWS,73.7,79.9
Civil0355,Ananya Mehta,ananya.mehta.355@campus.edu,Civil,9.48,0,AWS|Java|C++|React|TensorFlow|Node.js,81.3,73.9
ME0356,Aditi Nair,aditi.nair.356@campus.edu,ME,7.79,0,SQL|Go|Node.js,74.8,74.2
ECE0357,Advait Reddy,advait.reddy.357@campus.edu,ECE,6.93,0,Docker|MongoDB|Node.js|TensorFlow|Next.js,92.1,86.4
ECE0358,Priya Das,priya.das.358@campus.edu,ECE,6.56,0,React|Java|SQL|TypeScript|Node.js,87.7,96.3
CSE0359,Meera Nair,meera.nair.359@campus.edu,CSE,8.91,0,TypeScript|Next.js|C++|Node.js|Kubernetes|MongoDB,81.7,97.6
EE0360,Nisha Singh,nisha.singh.360@campus.edu,EE,7.14,0,Docker|SQL|AWS|Express|Kubernetes,74.0,95.2
Civil0361,Tara Patel,tara.patel.361@campus.edu,Civil,9.28,2,Java|Next.js|Kubernetes|TypeScript|Express|Node.js,96.0,87.3
ME0362,Tara Chopra,tara.chopra.362@campus.edu,ME,8.85,0,Python|MongoDB|Express|Node.js,89.2,90.7
CSE0363,Vihaan Gupta,vihaan.gupta.363@campus.edu,CSE,6.49,0,Kubernetes|Go|Docker|React,82.1,73.1
EE0364,Meera Gupta,meera.gupta.364@campus.edu,EE,9.19,0,TypeScript|Node.js|Kubernetes|React|Go|AWS,79.2,89.7
ECE0365,Reyansh Reddy,reyansh.reddy.365@campus.edu,ECE,7.58,0,C++|Java|Express|MongoDB,75.6,89.0
ME0366,Vihaan Nair,vihaan.nair.366@campus.edu,ME,6.93,0,AWS|Java|TypeScript|Node.js|React|Kubernetes,92.7,75.5
ECE0367,Meera Nair,meera.nair.367@campus.edu,ECE,7.40,0,TypeScript|Java|Next.js|React|TensorFlow|Node.js,85.1,97.7
Civil0368,Diya Singh,diya.singh.368@campus.edu,Civil,8.46,0,Java|Docker|C++|React,96.7,88.1
EE0369,Diya Iyer,diya.iyer.369@campus.edu,EE,7.84,0,Express|AWS|TensorFlow|Node.js|Next.js|C++,75.0,91.0
Civil0370,Kavya Gupta,kavya.gupta.370@campus.edu,Civil,7.99,1,Express|MongoDB|Next.js|Python|Node.js,82.2,96.1
ECE0371,Kabir Malhotra,kabir.malhotra.371@campus.edu,ECE,9.70,0,SQL|TensorFlow|Java|Python|Node.js,73.5,81.6
ECE0372,Reyansh Kulkarni,reyansh.kulkarni.372@campus.edu,ECE,8.49,0,C++|Node.js|Kubernetes|TensorFlow|Docker,78.1,72.2
IT0373,Ishaan Das,ishaan.das.373@campus.edu,IT,8.63,2,Java|TensorFlow|C++|Node.js,84.7,94.1
CSE0374,Advait Sharma,advait.sharma.374@campus.edu,CSE,8.72,0,C++|MongoDB|Node.js|SQL|Python|Next.js,91.0,76.3
CSE0375,Saanvi Khan,saanvi.khan.375@campus.edu,CSE,6.63,0,MongoDB|Java|React|Node.js,88.8,71.9
EE0376,Diya Sharma,diya.sharma.376@campus.edu,EE,6.51,0,Go|TensorFlow|MongoDB|Java,77.3,94.2
IT0377,Tara Kulkarni,tara.kulkarni.377@campus.edu,IT,6.67,0,SQL|C++|TypeScript|Express|Node.js,70.5,75.6
IT0378,Zara Malhotra,zara.malhotra.378@campus.edu,IT,7.12,2,Node.js|Kubernetes|Docker|MongoDB|TensorFlow|AWS,78.3,76.5
ME0379,Rohan Singh,rohan.singh.379@campus.edu,ME,6.89,0,Express|AWS|Kubernetes|Next.js|Node.js,86.4,93.3
ME0380,Kavya Singh,kavya.singh.380@campus.edu,ME,7.35,0,TypeScript|C++|Go|Docker|MongoDB|Node.js,81.2,94.8
Civil0381,Diya Mehta,diya.mehta.381@campus.edu,Civil,8.11,0,SQL|React|Express,86.4,92.3
IT0382,Kabir Joshi,kabir.joshi.382@campus.edu,IT,6.95,0,Docker|Java|Next.js|Node.js,80.9,90.6
EE0383,Vihaan Joshi,vihaan.joshi.383@campus.edu,EE,8.45,0,C++|Next.js|Express|AWS|SQL|Java|Node.js,78.7,90.7
IT0384,Ananya Mehta,ananya.mehta.384@campus.edu,IT,6.42,0,Python|Express|AWS|Next.js,96.3,91.7
ECE0385,Aditi Das,aditi.das.385@campus.edu,ECE,7.08,0,Node.js|AWS|Go|C++,95.6,97.7
ECE0386,Ishaan Banerjee,ishaan.banerjee.386@campus.edu,ECE,8.76,0,Kubernetes|Go|C++|MongoDB|Node.js,90.6,94.8
ME0387,Diya Mehta,diya.mehta.387@campus.edu,ME,9.79,0,Java|Kubernetes|Node.js|Express|C++|Python,76.2,90.4
Civil0388,Reyansh Sharma,reyansh.sharma.388@campus.edu,Civil,8.53,0,Docker|Node.js|TensorFlow|TypeScript,70.3,94.8
CSE0389,Zara Malhotra,zara.malhotra.389@campus.edu,CSE,9.00,0,Python|MongoDB|React|Java,84.2,71.4
IT0390,Saanvi Nair,saanvi.nair.390@campus.edu,IT,9.20,0,AWS|SQL|React,89.1,72.4
ECE0391,Neel Joshi,neel.joshi.391@campus.edu,ECE,7.55,0,Java|C++|SQL|TensorFlow|Python,93.2,97.5
ECE0392,Meera Singh,meera.singh.392@campus.edu,ECE,8.45,0,Node.js|React|C++,89.6,75.5
IT0393,Diya Chopra,diya.chopra.393@campus.edu,IT,7.14,0,MongoDB|Docker|C++|Node.js|Go,96.7,74.5
IT0394,Nisha Chopra,nisha.chopra.394@campus.edu,IT,7.40,0,AWS|TypeScript|Docker|Kubernetes|SQL,97.5,69.4
EE0395,Advait Joshi,advait.joshi.395@campus.edu,EE,6.61,0,Express|TensorFlow|Next.js|Kubernetes|SQL|Java,70.0,88.8
ME0396,Kavya Malhotra,kavya.malhotra.396@campus.edu,ME,7.69,0,Next.js|Python|AWS,72.1,82.6
CSE0397,Saanvi Nair,saanvi.nair.397@campus.edu,CSE,7.45,0,Node.js|Kubernetes|Express|C++|Python,71.9,84.6
EE0398,Advait Chopra,advait.chopra.398@campus.edu,EE,8.49,0,Next.js|MongoDB|Python|SQL|AWS|Go,78.0,88.1
CSE0399,Zara Banerjee,zara.banerjee.399@campus.edu,CSE,6.66,0,SQL|TypeScript|MongoDB|React|TensorFlow|Kubernetes,94.0,96.0
IT0400,Rohan Gupta,rohan.gupta.400@campus.edu,IT,7.81,0,C++|MongoDB|Node.js|Express|Python|TypeScript,89.2,86.7
CSE0401,Rohan Das,rohan.das.401@campus.edu,CSE,7.06,0,Node.js|Python|C++|AWS|Kubernetes|MongoDB,76.4,93.8
ME0402,Neel Patel,neel.patel.402@campus.edu,ME,7.76,0,Kubernetes|TensorFlow|Docker|Node.js,90.8,88.3
ME0403,Ishaan Kulkarni,ishaan.kulkarni.403@campus.edu,ME,6.71,0,Python|Docker|Express|Node.js,83.6,91.6
ECE0404,Tara Chopra,tara.chopra.404@campus.edu,ECE,6.57,0,SQL|MongoDB|Python|Next.js,96.9,88.0
CSE0405,Arjun Reddy,arjun.reddy.405@campus.edu,CSE,7.48,0,SQL|Node.js|C++|Docker,90.8,86.0
IT0406,Kavya Reddy,kavya.reddy.406@campus.edu,IT,9.06,1,Docker|Kubernetes|Python|TypeScript|AWS|C++|Node.js,93.9,79.7
CSE0407,Nisha Patel,nisha.patel.407@campus.edu,CSE,6.77,0,MongoDB|Express|TypeScript|SQL|Node.js,81.9,83.3
CSE0408,Ishaan Joshi,ishaan.joshi.408@campus.edu,CSE,7.77,0,React|Java|Kubernetes,91.9,69.8
ME0409,Reyansh Nair,reyansh.nair.409@campus.edu,ME,7.44,0,Node.js|TypeScript|Express|TensorFlow|React,96.3,74.6
EE0410,Kavya Chopra,kavya.chopra.410@campus.edu,EE,7.94,0,Kubernetes|Java|Express|React|SQL,80.6,83.2
ECE0411,Reyansh Khan,reyansh.khan.411@campus.edu,ECE,8.74,2,AWS|React|TensorFlow,73.8,75.0
Civil0412,Arjun Kulkarni,arjun.kulkarni.412@campus.edu,Civil,7.85,0,Docker|C++|Express|Kubernetes|MongoDB|Python|Node.js,91.9,69.8
Civil0413,Diya Singh,diya.singh.413@campus.edu,Civil,6.41,0,AWS|Next.js|Kubernetes|TypeScript|MongoDB|Node.js,94.7,84.8
ME0414,Reyansh Iyer,reyansh.iyer.414@campus.edu,ME,8.45,1,Go|C++|SQL|AWS|Node.js,96.9,83.8
CSE0415,Aarav Malhotra,aarav.malhotra.415@campus.edu,CSE,7.75,0,C++|Python|TensorFlow|Express,77.0,96.5
EE0416,Diya Banerjee,diya.banerjee.416@campus.edu,EE,8.68,2,C++|AWS|React,84.8,92.5
CSE0417,Tara Kulkarni,tara.kulkarni.417@campus.edu,CSE,8.46,0,AWS|TypeScript|Kubernetes|Node.js,76.5,82.6
CSE0418,Rohan Reddy,rohan.reddy.418@campus.edu,CSE,7.54,0,AWS|C++|Next.js|Express|MongoDB|Node.js,86.8,87.5
ME0419,Aditi Joshi,aditi.joshi.419@campus.edu,ME,6.45,1,Next.js|Java|Docker,71.0,95.8
IT0420,Advait Patel,advait.patel.420@campus.edu,IT,8.32,0,TypeScript|React|Next.js|Express|AWS|Node.js,70.7,87.2
EE0421,Aarav Gupta,aarav.gupta.421@campus.edu,EE,9.00,0,MongoDB|Express|AWS|Python|Node.js,84.4,70.8
ECE0422,Nisha Joshi,nisha.joshi.422@campus.edu,ECE,7.00,1,Java|Go|Express|C++|Node.js,70.8,71.4
EE0423,Kavya Das,kavya.das.423@campus.edu,EE,6.50,1,Node.js|Docker|Java|Python|TensorFlow|Next.js,77.0,80.5
Civil0424,Tara Khan,tara.khan.424@campus.edu,Civil,7.17,1,Python|Express|Kubernetes|C++|TypeScript|AWS|Node.js,93.6,77.3
CSE0425,Reyansh Iyer,reyansh.iyer.425@campus.edu,CSE,6.36,0,TypeScript|TensorFlow|Express|Docker|Go|SQL,75.2,92.6
ME0426,Advait Joshi,advait.joshi.426@campus.edu,ME,8.48,0,TypeScript|SQL|Python|React|Node.js,92.3,68.4
ECE0427,Vihaan Banerjee,vihaan.banerjee.427@campus.edu,ECE,9.29,0,Docker|React|Node.js,95.9,68.5
ECE0428,Kavya Reddy,kavya.reddy.428@campus.edu,ECE,6.25,0,C++|TensorFlow|Node.js|Docker,73.6,76.8
ECE0429,Aarav Iyer,aarav.iyer.429@campus.edu,ECE,9.65,0,AWS|Next.js|TypeScript,78.9,78.3
CSE0430,Priya Singh,priya.singh.430@campus.edu,CSE,9.26,0,TypeScript|Python|AWS|Kubernetes|Express|SQL,71.8,72.7
CSE0431,Advait Sharma,advait.sharma.431@campus.edu,CSE,7.93,0,Go|MongoDB|AWS|C++|TensorFlow|Node.js,76.6,88.7
ME0432,Nisha Iyer,nisha.iyer.432@campus.edu,ME,7.69,0,Next.js|Express|C++,89.5,80.3
ECE0433,Kavya Khan,kavya.khan.433@campus.edu,ECE,6.59,0,Go|Python|TensorFlow|AWS|Docker|Node.js,83.9,82.3
Civil0434,Aarav Nair,aarav.nair.434@campus.edu,Civil,6.92,0,Express|TypeScript|Docker,91.1,69.7
CSE0435,Zara Joshi,zara.joshi.435@campus.edu,CSE,7.22,0,Next.js|React|MongoDB|Docker|Go|TypeScript|Node.js,74.7,69.4
CSE0436,Kavya Joshi,kavya.joshi.436@campus.edu,CSE,8.09,0,Go|SQL|Python|Kubernetes|Node.js,89.6,91.5
IT0437,Ishaan Sharma,ishaan.sharma.437@campus.edu,IT,9.58,0,Python|Kubernetes|Next.js|SQL|Docker|Node.js,82.5,80.0
Civil0438,Reyansh Sharma,reyansh.sharma.438@campus.edu,Civil,7.12,0,Java|Docker|Next.js|Node.js,86.8,73.4
EE0439,Advait Malhotra,advait.malhotra.439@campus.edu,EE,8.87,0,Java|SQL|Docker|Node.js,73.5,72.4
ECE0440,Nisha Das,nisha.das.440@campus.edu,ECE,7.83,0,AWS|Node.js|Next.js,95.5,68.6
EE0441,Isha Chopra,isha.chopra.441@campus.edu,EE,7.51,0,Kubernetes|C++|AWS|Node.js,89.7,80.7
EE0442,Aarav Joshi,aarav.joshi.442@campus.edu,EE,7.90,0,C++|Next.js|MongoDB|Python|Node.js,92.7,90.0
EE0443,Neel Mehta,neel.mehta.443@campus.edu,EE,6.91,0,AWS|SQL|Go|Node.js,78.7,83.9
ME0444,Vihaan Das,vihaan.das.444@campus.edu,ME,6.70,0,TypeScript|SQL|Express|Node.js,87.4,92.8
ME0445,Aarav Chopra,aarav.chopra.445@campus.edu,ME,6.82,0,SQL|MongoDB|Express|React|Node.js,77.4,93.6
ECE0446,Zara Mehta,zara.mehta.446@campus.edu,ECE,9.42,1,Next.js|C++|MongoDB|Node.js,73.3,84.7
IT0447,Meera Malhotra,meera.malhotra.447@campus.edu,IT,7.00,0,MongoDB|Python|Node.js|AWS|Kubernetes|Docker,88.9,86.9
ECE0448,Kavya Sharma,kavya.sharma.448@campus.edu,ECE,6.25,0,Next.js|AWS|Kubernetes|TypeScript|TensorFlow,79.1,93.3
EE0449,Neel Reddy,neel.reddy.449@campus.edu,EE,9.61,0,MongoDB|C++|Java,78.5,84.6
CSE0450,Kabir Gupta,kabir.gupta.450@campus.edu,CSE,6.82,0,Java|Docker|AWS,70.8,79.5
CSE0451,Nisha Das,nisha.das.451@campus.edu,CSE,7.37,2,Kubernetes|C++|Java|TensorFlow|Node.js,95.3,87.0
ECE0452,Arjun Kulkarni,arjun.kulkarni.452@campus.edu,ECE,7.19,0,Docker|TypeScript|AWS|Next.js|Node.js,83.0,83.6
Civil0453,Ananya Patel,ananya.patel.453@campus.edu,Civil,7.42,0,Kubernetes|React|Python|Node.js,71.5,76.6
ME0454,Reyansh Patel,reyansh.patel.454@campus.edu,ME,6.91,2,Docker|React|SQL|Next.js|TypeScript|Node.js,91.1,85.8
EE0455,Neel Malhotra,neel.malhotra.455@campus.edu,EE,8.04,0,TensorFlow|TypeScript|AWS|Next.js|Node.js,97.0,97.7
ECE0456,Vihaan Patel,vihaan.patel.456@campus.edu,ECE,6.89,2,Docker|Kubernetes|AWS|Express|Next.js|Go|Node.js,89.8,81.2
IT0457,Advait Kulkarni,advait.kulkarni.457@campus.edu,IT,7.51,0,TensorFlow|AWS|Docker|Java|C++|SQL|Node.js,86.4,80.0
CSE0458,Arjun Das,arjun.das.458@campus.edu,CSE,7.54,2,Docker|AWS|Node.js|TypeScript,90.9,69.2
EE0459,Tara Iyer,tara.iyer.459@campus.edu,EE,9.11,2,MongoDB|React|Express|Node.js,91.2,83.2
EE0460,Ananya Patel,ananya.patel.460@campus.edu,EE,7.40,0,Node.js|SQL|Python|Express,73.1,68.3
ME0461,Rohan Singh,rohan.singh.461@campus.edu,ME,7.80,0,Next.js|Docker|C++|Kubernetes|Python,88.5,88.4
CSE0462,Ishaan Iyer,ishaan.iyer.462@campus.edu,CSE,6.44,0,React|AWS|C++|Docker|TypeScript|Python,75.5,78.6
IT0463,Priya Joshi,priya.joshi.463@campus.edu,IT,7.85,0,AWS|MongoDB|React|Kubernetes|Docker|Python,81.4,92.8
Civil0464,Priya Patel,priya.patel.464@campus.edu,Civil,8.79,0,Python|React|MongoDB|TypeScript,80.9,71.6
ME0465,Tara Gupta,tara.gupta.465@campus.edu,ME,7.91,0,Next.js|C++|MongoDB|Go,96.8,90.7
Civil0466,Kabir Sharma,kabir.sharma.466@campus.edu,Civil,9.60,0,AWS|Express|Next.js,81.4,72.8
ECE0467,Ananya Banerjee,ananya.banerjee.467@campus.edu,ECE,7.77,0,AWS|C++|SQL|TensorFlow|Next.js|Node.js,90.9,92.0
ECE0468,Arjun Mehta,arjun.mehta.468@campus.edu,ECE,9.03,0,TypeScript|Next.js|Go|Node.js|MongoDB|React,75.4,88.5
IT0469,Kavya Das,kavya.das.469@campus.edu,IT,7.91,0,C++|MongoDB|SQL|Node.js,72.4,90.2
IT0470,Advait Gupta,advait.gupta.470@campus.edu,IT,8.78,0,SQL|Next.js|Go,83.9,77.2
IT0471,Priya Nair,priya.nair.471@campus.edu,IT,7.87,0,Docker|Go|Node.js,79.6,94.0
EE0472,Ishaan Nair,ishaan.nair.472@campus.edu,EE,9.32,0,TypeScript|SQL|React,77.1,91.3
ECE0473,Priya Nair,priya.nair.473@campus.edu,ECE,7.19,0,Node.js|Docker|Python|SQL|MongoDB,86.4,88.2
IT0474,Diya Nair,diya.nair.474@campus.edu,IT,8.52,0,React|TensorFlow|C++|Express|SQL,72.7,82.0
Civil0475,Advait Reddy,advait.reddy.475@campus.edu,Civil,7.32,0,TensorFlow|Node.js|AWS|TypeScript,97.1,90.1
IT0476,Arjun Nair,arjun.nair.476@campus.edu,IT,9.10,0,TypeScript|TensorFlow|Express|AWS|Python|Kubernetes,76.2,83.9
ME0477,Nisha Khan,nisha.khan.477@campus.edu,ME,8.12,0,MongoDB|Docker|SQL|Node.js,78.6,75.6
ME0478,Rohan Malhotra,rohan.malhotra.478@campus.edu,ME,8.89,0,Kubernetes|Go|TensorFlow|Python|Express|Node.js,89.1,94.1
CSE0479,Arjun Gupta,arjun.gupta.479@campus.edu,CSE,9.24,0,Kubernetes|Python|React|MongoDB|Node.js|AWS,88.1,85.1
ECE0480,Zara Sharma,zara.sharma.480@campus.edu,ECE,9.79,0,TensorFlow|TypeScript|Express,77.2,88.3
CSE0481,Aarav Iyer,aarav.iyer.481@campus.edu,CSE,6.94,0,Next.js|Go|C++|Node.js|AWS,93.0,73.0
ECE0482,Tara Kulkarni,tara.kulkarni.482@campus.edu,ECE,9.25,0,Next.js|Java|Node.js|Python|AWS|React,96.9,92.7
Civil0483,Kabir Reddy,kabir.reddy.483@campus.edu,Civil,7.01,0,Java|Node.js|C++|Kubernetes|Go,84.3,95.4
EE0484,Zara Mehta,zara.mehta.484@campus.edu,EE,8.82,0,TypeScript|SQL|Kubernetes|AWS|TensorFlow|React|Node.js,90.0,89.8
ECE0485,Nisha Joshi,nisha.joshi.485@campus.edu,ECE,9.20,0,Node.js|Kubernetes|Python|TensorFlow,76.1,85.8
ECE0486,Rohan Kulkarni,rohan.kulkarni.486@campus.edu,ECE,8.57,0,Java|React|Docker|TypeScript|Go|Node.js,79.4,92.3
ECE0487,Nisha Kulkarni,nisha.kulkarni.487@campus.edu,ECE,8.97,0,TensorFlow|SQL|Kubernetes|TypeScript|Node.js,97.0,72.4
Civil0488,Aditi Chopra,aditi.chopra.488@campus.edu,Civil,9.57,1,React|Express|C++|AWS|TensorFlow|Node.js,82.0,70.9
ECE0489,Zara Gupta,zara.gupta.489@campus.edu,ECE,6.64,0,SQL|TypeScript|Docker,91.8,78.4
Civil0490,Diya Khan,diya.khan.490@campus.edu,Civil,6.95,0,MongoDB|C++|AWS|Node.js,83.0,94.5
ME0491,Rohan Singh,rohan.singh.491@campus.edu,ME,7.18,0,Go|C++|TensorFlow|TypeScript|MongoDB|Node.js,72.4,70.1
CSE0492,Kabir Banerjee,kabir.banerjee.492@campus.edu,CSE,9.23,0,Node.js|Python|AWS|Docker|React|Java,88.6,94.3
ECE0493,Isha Chopra,isha.chopra.493@campus.edu,ECE,6.66,0,TypeScript|Go|MongoDB|Node.js|Express|Next.js,85.0,92.6
EE0494,Tara Chopra,tara.chopra.494@campus.edu,EE,6.28,2,MongoDB|Kubernetes|Go|Docker|React|Node.js,75.8,85.0
Civil0495,Nisha Sharma,nisha.sharma.495@campus.edu,Civil,8.98,0,Node.js|Java|Python|Express|React|Go,97.5,69.9
ME0496,Aarav Malhotra,aarav.malhotra.496@campus.edu,ME,6.86,0,Next.js|Docker|AWS|Node.js,92.2,81.4
EE0497,Zara Chopra,zara.chopra.497@campus.edu,EE,6.21,0,MongoDB|TypeScript|AWS|Next.js,95.7,74.3
EE0498,Neel Patel,neel.patel.498@campus.edu,EE,9.43,0,Kubernetes|Go|React|AWS|Express|Docker,72.2,97.6
Civil0499,Nisha Mehta,nisha.mehta.499@campus.edu,Civil,9.77,1,TypeScript|Next.js|MongoDB|Kubernetes|Docker,78.2,92.1
IT0500,Priya Singh,priya.singh.500@campus.edu,IT,7.34,0,Go|TensorFlow|Express|Java|SQL|Node.js,92.5,92.3